city_name,x,y
London,0.419333333,0.252222222
Madrid,0.408666667,0.373333333
Paris,0.474666667,0.315555556
Essen,0.492666667,0.232222222
Milan,0.523333333,0.29
St. Petersburg,0.574,0.207777778